paper_id,title,pdf_url,download_status,reason_if_failed,file_path
P3C1AF4AB6A,Which Works Best for Vietnamese? A Practical Study of Information Retrieval Methods across Domains,https://aclanthology.org/2026.findings-eacl.110.pdf,downloaded,,/Users/leyenlinh/Claude/Dev/rag-pdf-chatbot/papers/pdf/P3C1AF4AB6A_which_works_best_for_vietnamese_a_practical_study_of_infor.pdf
P452D138CC5,ViRanker: A BGE-M3 & Blockwise Parallel Transformer Cross-Encoder for Vietnamese Reranking,https://arxiv.org/pdf/2509.09131v1,downloaded,,/Users/leyenlinh/Claude/Dev/rag-pdf-chatbot/papers/pdf/P452D138CC5_viranker_a_bge_m3_blockwise_parallel_transformer_cross_enc.pdf
P0B2625DE40,VN-MTEB: Vietnamese Massive Text Embedding Benchmark,https://arxiv.org/pdf/2507.21500v1,downloaded,,/Users/leyenlinh/Claude/Dev/rag-pdf-chatbot/papers/pdf/P0B2625DE40_vn_mteb_vietnamese_massive_text_embedding_benchmark.pdf
P3E9216E429,End-to-End Chatbot Evaluation with Adaptive Reasoning and Uncertainty Filtering,,not_downloaded,no open-access PDF URL in metadata,
P14C2442E0F,Comparative analysis of keyword-based and semantic search models for Vietnamese online news data,,not_downloaded,no open-access PDF URL in metadata,
P7E3EA2F69C,ViConBERT: Context-Gloss Aligned Vietnamese Word Embedding for Polysemous and Sense-Aware Representations,https://arxiv.org/pdf/2511.12249,downloaded,,/Users/leyenlinh/Claude/Dev/rag-pdf-chatbot/papers/pdf/P7E3EA2F69C_viconbert_context_gloss_aligned_vietnamese_word_embedding.pdf
P50B17CFD56,Sentence-Aware Bahnaric-Vietnamese Lexical Mapping with Contrastive Contextual Representations,https://openreview.net/pdf/6775ea662454c0cd3d68eb91c0a4493d8284de4a.pdf,downloaded,,/Users/leyenlinh/Claude/Dev/rag-pdf-chatbot/papers/pdf/P50B17CFD56_sentence_aware_bahnaric_vietnamese_lexical_mapping_with_co.pdf
P0361B383C0,Optimizing Legal Document Retrieval in Vietnamese with Semi-Hard Negative Mining,https://arxiv.org/pdf/2507.14619,downloaded,,/Users/leyenlinh/Claude/Dev/rag-pdf-chatbot/papers/pdf/P0361B383C0_optimizing_legal_document_retrieval_in_vietnamese_with_sem.pdf
PB78F52731A,Optimizing Answer Generator in Vietnamese Legal Question Answering Systems Using Language Models,,not_downloaded,no open-access PDF URL in metadata,
P2A37AE1980,Ontology-Based Semantic Search for Physics Subject: A Case Study at a Vietnamese High School,,not_downloaded,no open-access PDF URL in metadata,
P2DEDC4E1C3,Lightweight Semantic Search For Low-Resource Languages: A Case Study In Vietnamese Information Retrieval,,not_downloaded,no open-access PDF URL in metadata,
PDD35BAA13F,LAURA: A Legal Agent Using Reasoning and Acting for Vietnamese Law,,not_downloaded,no open-access PDF URL in metadata,
P5D46BF53AC,Integrating Legal BERT-Based Embedding and ReAct Multi-Agent for an Intelligent Consulting System,,not_downloaded,no open-access PDF URL in metadata,
P8B11775FA2,Integrating Knowledge Graph with Retrieval-Augmented Generation for Vietnamese Legal Question Answering,,not_downloaded,no open-access PDF URL in metadata,
P6198AA66FC,Integrating Information Retrieval and Large Language Models for Vietnamese Legal Document Query Systems,,not_downloaded,no open-access PDF URL in metadata,
P06356296BC,Improving Vietnamese-English Cross-Lingual Retrieval for Legal and General Domains,https://aclanthology.org/2025.naacl-short.12.pdf,downloaded,,/Users/leyenlinh/Claude/Dev/rag-pdf-chatbot/papers/pdf/P06356296BC_improving_vietnamese_english_cross_lingual_retrieval_for_l.pdf
P6204B2E835,Fusion-Based Document Retrieval for Low-Resource Vietnamese Legal Texts,,not_downloaded,no open-access PDF URL in metadata,
PC9507AEB3F,Enhancing Vietnamese Mental Health Question-Answering Systems: Adaptive Retrieval Augmented Generation Pipeline and Data Augmentation for Large Language Models,,not_downloaded,no open-access PDF URL in metadata,
PC293C88CF3,"BUILDING A VIETNAMESE MATH CHATBOT BASED ON RAG AND LLM: SYSTEM DESIGN, IMPLEMENTATION AND EXPERIMENTAL EVALUATION",https://hnuejs.edu.vn/ns/article/download/1284/649,downloaded,,/Users/leyenlinh/Claude/Dev/rag-pdf-chatbot/papers/pdf/PC293C88CF3_building_a_vietnamese_math_chatbot_based_on_rag_and_llm_sy.pdf
PC00D3B132A,Agentic RAG-Based Legal Advisory Chatbot: A Knowledge-Driven Approach for Vietnamese Legal System,,not_downloaded,no open-access PDF URL in metadata,
P761355BB9F,Advancing Vietnamese Information Retrieval with Learning Objective and Benchmark,http://arxiv.org/pdf/2503.07470v1,downloaded,,/Users/leyenlinh/Claude/Dev/rag-pdf-chatbot/papers/pdf/P761355BB9F_advancing_vietnamese_information_retrieval_with_learning_o.pdf
PFD69DB14E2,A Study of Multilingual Approaches to Vietnamese Information Retrieval,,not_downloaded,no open-access PDF URL in metadata,
PD3E00AB7FA,"A Multitask, Multilingual Prompting Vision Language Model for Vietnamese Language",,not_downloaded,no open-access PDF URL in metadata,
P8D65D24F1C,A Hybrid Ensemble Framework for Topic Extraction in Vietnamese Legal Documents,https://link.springer.com/content/pdf/10.1007/978-3-032-09318-9_20.pdf,failed,ValueError: response is not a PDF,
P4729393C78,A Comparative Study of Vietnamese Embedding Models for LLM-Based Automated Question Answering on DUT Regulations,,not_downloaded,no open-access PDF URL in metadata,
P24CB50278B,Vietnamese Legal Text Retrieval based on Sparse and Dense Retrieval approaches,,not_downloaded,no open-access PDF URL in metadata,
P1E2585E7BA,Vietnamese Legal Information Retrieval in Question-Answering System,https://arxiv.org/pdf/2409.13699v1,downloaded,,/Users/leyenlinh/Claude/Dev/rag-pdf-chatbot/papers/pdf/P1E2585E7BA_vietnamese_legal_information_retrieval_in_question_answeri.pdf
P5182A0032F,Towards Comprehensive Vietnamese Retrieval-Augmented Generation and Large Language Models,http://arxiv.org/pdf/2403.01616v2,downloaded,,/Users/leyenlinh/Claude/Dev/rag-pdf-chatbot/papers/pdf/P5182A0032F_towards_comprehensive_vietnamese_retrieval_augmented_gener.pdf
P6695B93B07,Sino-Vietnamese Text Transcription using Word Embedding Approach,,not_downloaded,no open-access PDF URL in metadata,
PC628139497,Improving Vietnamese Legal Document Retrieval using Synthetic Data,http://arxiv.org/pdf/2412.00657v1,downloaded,,/Users/leyenlinh/Claude/Dev/rag-pdf-chatbot/papers/pdf/PC628139497_improving_vietnamese_legal_document_retrieval_using_synthe.pdf
P7340A11077,Enhancing retrieval performance of embedding models via fine-tuning on synthetic data in RAG chatbot for Vietnamese military science domain,,not_downloaded,no open-access PDF URL in metadata,
P0C2E70A588,NeCo@ALQAC 2023: Legal Domain Knowledge Acquisition for Low-Resource Languages through Data Enrichment,,not_downloaded,no open-access PDF URL in metadata,
P6C3701C8F2,Improving Vietnamese Legal Question-Answering System Based on Automatic Data Enrichment,https://link.springer.com/content/pdf/10.1007/978-3-031-60511-6_4.pdf,failed,ValueError: response is not a PDF,
PEEBE386838,Embedding force and attitude,,not_downloaded,no open-access PDF URL in metadata,
P000374DCFD,Cross-lingual Sentence Embedding for Low-resource Chinese-Vietnamese Based on Contrastive Learning,,not_downloaded,no open-access PDF URL in metadata,
P8E5B1BC8A7,Vietnamese information retrieval test collection development,,not_downloaded,no open-access PDF URL in metadata,
PD63FF37D74,Multi-stage Information Retrieval for Vietnamese Legal Texts,https://arxiv.org/pdf/2209.14494v2,downloaded,,/Users/leyenlinh/Claude/Dev/rag-pdf-chatbot/papers/pdf/PD63FF37D74_multi_stage_information_retrieval_for_vietnamese_legal_tex.pdf
P39BE128C89,English-Vietnamese Cross-Lingual Similarity Estimation Using Language-Agnostic Representation from Multilingual Sentence Encoders,,not_downloaded,no open-access PDF URL in metadata,
PAF1BA7C0C1,ALQAC 2022: A Summary of the Competition,,not_downloaded,no open-access PDF URL in metadata,
P819B31FAD0,Kodiak@ALQAC2021: Deep Learning for Vietnamese Legal Information Processing,https://ieeexplore.ieee.org/iel7/9648573/9648578/09648744.pdf,failed,ValueError: response is not a PDF,
PCD46F47C47,Answering Legal Questions by Learning Neural Attentive Text Representation,https://www.aclweb.org/anthology/2020.coling-main.86.pdf,downloaded,,/Users/leyenlinh/Claude/Dev/rag-pdf-chatbot/papers/pdf/PCD46F47C47_answering_legal_questions_by_learning_neural_attentive_tex.pdf
P1BD1678B5D,A Framework for Vietnamese Text Document Retrieval System Based on Phrasal Semantic Analysis,,not_downloaded,no open-access PDF URL in metadata,
PCCDCB0C0A5,Reference Extraction from Vietnamese Legal Documents,,not_downloaded,no open-access PDF URL in metadata,
P9CA34D8472,Improving Vietnamese WordNet using word embedding,,not_downloaded,no open-access PDF URL in metadata,
P4E648F55EA,Embedding Social Emotional Learning Core Content into Life- Skills Instruction for Vietnamese Primary Students,,not_downloaded,no open-access PDF URL in metadata,
PDA5700A112,Invited Talk #2 Vietnamese Neural Language Model for NLP Tasks With Limited Resources,,not_downloaded,no open-access PDF URL in metadata,
P0110CC9733,A Semantic Document Retrieval System with Semantic Search Technique Based on Knowledge Base and Graph Representation,,not_downloaded,no open-access PDF URL in metadata,
PC523D04077,VITERBI ALGORITHM FOR ENGLISH - VIETNAMESE SENTENCE RETRIEVAL IN EBMT,,not_downloaded,no open-access PDF URL in metadata,
P7511B1BF7E,Towards a Conceptual Search for Vietnamese Legal Text,,not_downloaded,no open-access PDF URL in metadata,
PF27F8656D0,A Vietnamese information retrieval system for product-price,https://arxiv.org/pdf/1911.11623v1,downloaded,,/Users/leyenlinh/Claude/Dev/rag-pdf-chatbot/papers/pdf/PF27F8656D0_a_vietnamese_information_retrieval_system_for_product_pric.pdf
P0CC2D5889E,A Semantic Approach to Answer Vietnamese Questions in Opencourseware Retrieval System,,not_downloaded,no open-access PDF URL in metadata,
P9219C41AFD,The Prevalence of Social Embedding in Vietnamese Industrial Clusters,,not_downloaded,no open-access PDF URL in metadata,
PF4BD32485A,Image Indexing and Retrieval for a Vietnamese Folk Paintings Gallery,,not_downloaded,no open-access PDF URL in metadata,
P0D3515D7A8,ViDRILL: A Multi-Stage Retrieval Framework for Vietnamese Legal Document Search,,not_downloaded,no open-access PDF URL in metadata,
PDBDC6CDFCE,TopoLingEval: A framework for multilingual embedding geometry,,not_downloaded,no open-access PDF URL in metadata,
P1C909ED18D,ML-Embed: Inclusive and Efficient Embeddings for a Multilingual World,https://arxiv.org/pdf/2605.15081,downloaded,,/Users/leyenlinh/Claude/Dev/rag-pdf-chatbot/papers/pdf/P1C909ED18D_ml_embed_inclusive_and_efficient_embeddings_for_a_multilin.pdf
P5EEA2A9FC2,LEMUR: Robust Fine-Tuning for Multilingual Embedding Models for Retrieval,,not_downloaded,no open-access PDF URL in metadata,
PEDB9DC231B,LEMUR: A Corpus for Robust Fine-Tuning of Multilingual Law Embedding Models for Retrieval,https://arxiv.org/pdf/2602.09570,downloaded,,/Users/leyenlinh/Claude/Dev/rag-pdf-chatbot/papers/pdf/PEDB9DC231B_lemur_a_corpus_for_robust_fine_tuning_of_multilingual_law.pdf
PFB466B4728,Fine-Tuning BGE-M3 for Defense Language Embedding Model: The Impact of Negative Sample Selection in Contrastive Learning,,not_downloaded,no open-access PDF URL in metadata,
P7B36194438,DS@GT at TREC TOT 2025: Bridging Vague Recollection with Fusion Retrieval and Learned Reranking,https://arxiv.org/pdf/2601.15518v2,downloaded,,/Users/leyenlinh/Claude/Dev/rag-pdf-chatbot/papers/pdf/P7B36194438_ds_gt_at_trec_tot_2025_bridging_vague_recollection_with_fu.pdf
P5BA17142C7,fact check AI at SemEval-2025 Task 7: Multilingual and Crosslingual Fact-checked Claim Retrieval,https://arxiv.org/pdf/2508.03475v1,downloaded,,/Users/leyenlinh/Claude/Dev/rag-pdf-chatbot/papers/pdf/P5BA17142C7_fact_check_ai_at_semeval_2025_task_7_multilingual_and_cros.pdf
PD929527CA7,Text Similarity Technique Using BGE-M3,,not_downloaded,no open-access PDF URL in metadata,
P1733821652,Optimized Text Embedding Models and Benchmarks for Amharic Passage Retrieval,https://arxiv.org/pdf/2505.19356,downloaded,,/Users/leyenlinh/Claude/Dev/rag-pdf-chatbot/papers/pdf/P1733821652_optimized_text_embedding_models_and_benchmarks_for_amharic.pdf
PD2B1E529C3,NOWJ@COLIEE 2025: A Multi-stage Framework Integrating Embedding Models and Large Language Models for Legal Retrieval and Entailment,https://arxiv.org/pdf/2509.08025,downloaded,,/Users/leyenlinh/Claude/Dev/rag-pdf-chatbot/papers/pdf/PD2B1E529C3_nowj_coliee_2025_a_multi_stage_framework_integrating_embed.pdf
P9C1153E4EC,Multilingual and cross-lingual information retrieval,,not_downloaded,no open-access PDF URL in metadata,
P41DE99A3CC,Milco: Learned Sparse Retrieval Across Languages via a Multilingual Connector,https://arxiv.org/pdf/2510.00671,downloaded,,/Users/leyenlinh/Claude/Dev/rag-pdf-chatbot/papers/pdf/P41DE99A3CC_milco_learned_sparse_retrieval_across_languages_via_a_mult.pdf
P474D3E1629,MTEB-NL and E5-NL: Embedding Benchmark and Models for Dutch,https://arxiv.org/pdf/2509.12340v1,downloaded,,/Users/leyenlinh/Claude/Dev/rag-pdf-chatbot/papers/pdf/P474D3E1629_mteb_nl_and_e5_nl_embedding_benchmark_and_models_for_dutch.pdf
P048819CB98,MMTEB: Massive Multilingual Text Embedding Benchmark,https://arxiv.org/pdf/2502.13595,downloaded,,/Users/leyenlinh/Claude/Dev/rag-pdf-chatbot/papers/pdf/P048819CB98_mmteb_massive_multilingual_text_embedding_benchmark.pdf
P63444422A7,Llama-Embed-Nemotron-8B: A Universal Text Embedding Model for Multilingual and Cross-Lingual Tasks,https://arxiv.org/pdf/2511.07025,downloaded,,/Users/leyenlinh/Claude/Dev/rag-pdf-chatbot/papers/pdf/P63444422A7_llama_embed_nemotron_8b_a_universal_text_embedding_model_f.pdf
P6C61315AD7,Knowledge Retrieval Based on Generative AI,https://arxiv.org/pdf/2501.04635,downloaded,,/Users/leyenlinh/Claude/Dev/rag-pdf-chatbot/papers/pdf/P6C61315AD7_knowledge_retrieval_based_on_generative_ai.pdf
PECD2615FC6,Improving BGE-M3 Multilingual Dense Embeddings for Nigerian Low Resource Languages,,not_downloaded,no open-access PDF URL in metadata,
PA21D02E2D7,FaMTEB: Massive Text Embedding Benchmark in Persian Language,http://arxiv.org/pdf/2502.11571v2,downloaded,,/Users/leyenlinh/Claude/Dev/rag-pdf-chatbot/papers/pdf/PA21D02E2D7_famteb_massive_text_embedding_benchmark_in_persian_languag.pdf
PDADC61A0A4,Examining Multilingual Embedding Models Cross-Lingually Through LLM-Generated Adversarial Examples,https://arxiv.org/pdf/2502.08638,downloaded,,/Users/leyenlinh/Claude/Dev/rag-pdf-chatbot/papers/pdf/PDADC61A0A4_examining_multilingual_embedding_models_cross_lingually_th.pdf
PA1D368DEFA,Embedding-Based Multilingual Semantic Search for Geo-Textual Data in Urban Studies,,not_downloaded,no open-access PDF URL in metadata,
P194EBDA7E1,Development and Evaluation of a Retrieval-Augmented Generation-Based Electronic Medical Record Chatbot System,,not_downloaded,no open-access PDF URL in metadata,
PDC5B6EF103,DeepRAG: Building a Custom Hindi Embedding Model for Retrieval Augmented Generation from Scratch,https://arxiv.org/pdf/2503.08213,downloaded,,/Users/leyenlinh/Claude/Dev/rag-pdf-chatbot/papers/pdf/PDC5B6EF103_deeprag_building_a_custom_hindi_embedding_model_for_retrie.pdf
P031CF5D69E,Cross-Lingual Summarization for Low-Resource Languages Using Multilingual Retrieval-Based In-Context Learning,,not_downloaded,no open-access PDF URL in metadata,
P57E96B3B74,Biomedical Literature Q&A System Using Retrieval-Augmented Generation (RAG),https://arxiv.org/pdf/2509.05505,downloaded,,/Users/leyenlinh/Claude/Dev/rag-pdf-chatbot/papers/pdf/P57E96B3B74_biomedical_literature_q_a_system_using_retrieval_augmented.pdf
P182B08FA17,Benchmarking and Building Zero-Shot Hindi Retrieval Model with Hindi-BEIR and NLLB-E5,https://aclanthology.org/2025.naacl-long.220.pdf,downloaded,,/Users/leyenlinh/Claude/Dev/rag-pdf-chatbot/papers/pdf/P182B08FA17_benchmarking_and_building_zero_shot_hindi_retrieval_model.pdf
P49CE260042,BanglaMedQA and BanglaMMedBench: Evaluating Retrieval-Augmented Generation Strategies for Bangla Biomedical Question Answering,https://arxiv.org/pdf/2511.04560,downloaded,,/Users/leyenlinh/Claude/Dev/rag-pdf-chatbot/papers/pdf/P49CE260042_banglamedqa_and_banglammedbench_evaluating_retrieval_augme.pdf
PDBD7A86DA5,A Comparison of SBERT and E5 Encoder for Multilingual Information Retrieval for Low-Resource Indian Languages,,not_downloaded,no open-access PDF URL in metadata,
P9F643D4414,mGTE: Generalized Long-Context Text Representation and Reranking Models for Multilingual Text Retrieval,https://arxiv.org/pdf/2407.19669,downloaded,,/Users/leyenlinh/Claude/Dev/rag-pdf-chatbot/papers/pdf/P9F643D4414_mgte_generalized_long_context_text_representation_and_rera.pdf
P56E7E01FCA,jina-embeddings-v3: Multilingual Embeddings With Task LoRA,https://arxiv.org/pdf/2409.10173,downloaded,,/Users/leyenlinh/Claude/Dev/rag-pdf-chatbot/papers/pdf/P56E7E01FCA_jina_embeddings_v3_multilingual_embeddings_with_task_lora.pdf
P0B1B39960F,Text Embedding Inversion Security for Multilingual Language Models,https://aclanthology.org/2024.acl-long.422.pdf,downloaded,,/Users/leyenlinh/Claude/Dev/rag-pdf-chatbot/papers/pdf/P0B1B39960F_text_embedding_inversion_security_for_multilingual_languag.pdf
P50D6FABBB9,PL-MTEB: Polish Massive Text Embedding Benchmark,https://openreview.net/pdf/566117dbc0fa7443b80eeb35dc75d1b522e758c1.pdf,downloaded,,/Users/leyenlinh/Claude/Dev/rag-pdf-chatbot/papers/pdf/P50D6FABBB9_pl_mteb_polish_massive_text_embedding_benchmark.pdf
PB645BC7168,NLLB-E5: A Scalable Multilingual Retrieval Model,http://arxiv.org/pdf/2409.05401v2,downloaded,,/Users/leyenlinh/Claude/Dev/rag-pdf-chatbot/papers/pdf/PB645BC7168_nllb_e5_a_scalable_multilingual_retrieval_model.pdf
P47282B6184,Multilingual E5 Text Embeddings: A Technical Report,https://arxiv.org/pdf/2402.05672v1,downloaded,,/Users/leyenlinh/Claude/Dev/rag-pdf-chatbot/papers/pdf/P47282B6184_multilingual_e5_text_embeddings_a_technical_report.pdf
P53F5B16B37,MTEB-French: Resources for French Sentence Embedding Evaluation and Analysis,http://arxiv.org/pdf/2405.20468v2,downloaded,,/Users/leyenlinh/Claude/Dev/rag-pdf-chatbot/papers/pdf/P53F5B16B37_mteb_french_resources_for_french_sentence_embedding_evalua.pdf
P59A064F239,BordIRlines: A Dataset for Evaluating Cross-lingual Retrieval Augmented Generation,https://aclanthology.org/2024.wikinlp-1.3.pdf,downloaded,,/Users/leyenlinh/Claude/Dev/rag-pdf-chatbot/papers/pdf/P59A064F239_bordirlines_a_dataset_for_evaluating_cross_lingual_retriev.pdf
P7E995CFF61,A Survey on Large Language Models with Multilingualism: Recent Advances and New Frontiers,https://arxiv.org/pdf/2405.10936,downloaded,,/Users/leyenlinh/Claude/Dev/rag-pdf-chatbot/papers/pdf/P7E995CFF61_a_survey_on_large_language_models_with_multilingualism_rec.pdf
PC2D1D39BBE,Multi-EuP: The Multilingual European Parliament Dataset for Analysis of Bias in Information Retrieval,https://arxiv.org/pdf/2311.01870v1,downloaded,,/Users/leyenlinh/Claude/Dev/rag-pdf-chatbot/papers/pdf/PC2D1D39BBE_multi_eup_the_multilingual_european_parliament_dataset_for.pdf
PEC4243B35B,Towards multilingual user models for Personalized Multilingual Information Retrieval,,not_downloaded,no open-access PDF URL in metadata,
P8EB2B612C1,Evaluation for Multilingual Information Retrieval Systems,,not_downloaded,no open-access PDF URL in metadata,
PD70CF70F14,Robust Multilingual Information Retrieval,,not_downloaded,no open-access PDF URL in metadata,
PEB56950C48,Multilingual document embedding with sequential neural network models,,not_downloaded,no open-access PDF URL in metadata,
P66922AC323,Multilingual Information Retrieval: A Representation Building Perspective,,not_downloaded,no open-access PDF URL in metadata,
PD412FAA730,Multilingual Information Retrieval,,not_downloaded,no open-access PDF URL in metadata,
PB38E667757,ViCLIP-OT: The First Foundation Vision-Language Model for Vietnamese Image-Text Retrieval with Optimal Transport,https://arxiv.org/pdf/2602.22678,not_downloaded,publication metadata does not indicate scoped multilingual/Vietnamese retrieval relevance,
P349161E913,MERVIN: A Unified Framework for Multimodal Event Retrieval in Vietnamese News Videos,https://arxiv.org/pdf/2605.16120v1,not_downloaded,publication metadata does not indicate scoped multilingual/Vietnamese retrieval relevance,
P756990D55F,LLandMark: A Multi-Agent Framework for Landmark-Aware Multimodal Interactive Video Retrieval,https://arxiv.org/pdf/2603.02888v1,not_downloaded,publication metadata does not indicate scoped multilingual/Vietnamese retrieval relevance,
P9FD76CB2BC,Human-Guided Reasoning with Large Language Models for Vietnamese Speech Emotion Recognition,https://arxiv.org/pdf/2604.01711v1,not_downloaded,publication metadata does not indicate scoped multilingual/Vietnamese retrieval relevance,
P6E219E9883,Efficient English-Vietnamese Medical Machine Translation: Insights from the VLSP 2025 Shared Task,,not_downloaded,no open-access PDF URL in metadata,
P4A76B06E89,Benchmarking Vietnamese Legal Knowledge of Large Language Models,https://openreview.net/pdf/62c88f2a95ab35c0081198ecfe4e632718347ece.pdf,not_downloaded,publication metadata does not indicate scoped multilingual/Vietnamese retrieval relevance,
PCBB7EB602E,Unsupervised Clustering of Vietnamese Positive and Negative News Using PhoBERT and DBSCAN,,not_downloaded,no open-access PDF URL in metadata,
P2B2C576FDC,Topic classification of vietnamese product reviews in e-commerce using PhoBERT,,not_downloaded,no open-access PDF URL in metadata,
PD7328F84F4,Navigating multilingual worlds: Vietnamese immigrant children's translanguaging practices and family resilience in Taiwan,,not_downloaded,no open-access PDF URL in metadata,
P08DDD06BEA,Multilingual LLM Prompting Strategies for Medical English-Vietnamese Machine Translation,https://arxiv.org/pdf/2509.15640,not_downloaded,publication metadata does not indicate scoped multilingual/Vietnamese retrieval relevance,
P3C126D42F6,INTENTION AND BEHAVIOR OF USING E5 BIOGASOLINE: A CASE STUDY OF VIETNAMESE CONSUMERS,,not_downloaded,no open-access PDF URL in metadata,
P38F95290CD,Exploring the Fine-Tuning of PhoBERT for Vietnamese Toxic Language Detection,,not_downloaded,no open-access PDF URL in metadata,
PF67676F01A,Emotion Recognition from Vietnamese Text Using PhoBERT and BiLSTM,,not_downloaded,no open-access PDF URL in metadata,
P27226588BD,Detecting AI-Generated Vietnamese News Articles with Multilingual-E5 and BERT,,not_downloaded,no open-access PDF URL in metadata,
P3DD80F8D83,BERT-based model for Vietnamese Fact Verification Dataset,,not_downloaded,no open-access PDF URL in metadata,
P0EB2283659,Att2Search: an Attribute-based Pedestrian Search,,not_downloaded,no open-access PDF URL in metadata,
PC3DBEDBCE2,An Encoder-Integrated PhoBERT with Graph Attention for Vietnamese Token-Level Classification,https://arxiv.org/pdf/2510.11537v1,not_downloaded,publication metadata does not indicate scoped multilingual/Vietnamese retrieval relevance,
P0F8CDA7735,ADVANCING EMOTION RECOGNITION IN VIETNAMESE: A PHOBERT-BASED APPROACH FOR ENHANCED INTERACTION,https://jst.tnu.edu.vn/jst/article/download/12889/pdf,not_downloaded,publication metadata does not indicate scoped multilingual/Vietnamese retrieval relevance,
P3ED586ACAE,A Multimodal Retrieval-Augmented Generation Pipeline for Empathetic Psychological Counseling Chatbots,,not_downloaded,no open-access PDF URL in metadata,
PEB4440B4FD,A Large-Scale Benchmark for Vietnamese Sentence Paraphrases,https://aclanthology.org/2025.findings-naacl.59.pdf,not_downloaded,publication metadata does not indicate scoped multilingual/Vietnamese retrieval relevance,
P985151B089,A Dialogue-Based Multimodal Retrieval Framework for Vietnamese E-Commerce RAG System,,not_downloaded,no open-access PDF URL in metadata,
PED21921D83,Vi-Mistral-X: Building a Vietnamese Language Model with Advanced Continual Pre-training,https://arxiv.org/pdf/2403.15470v1,not_downloaded,publication metadata does not indicate scoped multilingual/Vietnamese retrieval relevance,
PF883EE8C7C,Tabular text embedding for Vietnamese text-based person search,,not_downloaded,no open-access PDF URL in metadata,
P8A3D61FEDC,"Numerical reasoning reading comprehension on Vietnamese COVID-19 news: task, corpus, and challenges",https://link.springer.com/content/pdf/10.1007/s00521-024-09744-5.pdf,not_downloaded,publication metadata does not indicate scoped multilingual/Vietnamese retrieval relevance,
PB2CB3065FA,Improving Vietnamese-English Medical Machine Translation,https://openreview.net/pdf/39e4cae5b74a2e64c3d9e8c580fd7d27dd43cd8e.pdf,not_downloaded,publication metadata does not indicate scoped multilingual/Vietnamese retrieval relevance,
P70F1CE3933,IMPROVING PERFORMANCE OF VIETNAMESE SPEAKER RECOGNITION USING TRANSFER LEARNING AND ENSEMBLE EMBEDDING,,not_downloaded,no open-access PDF URL in metadata,
P08FD9B70B8,Extended Producer Responsibility – Building The Legal Framework in Vietnamese Law on Environmental Protection From International Experience,,not_downloaded,no open-access PDF URL in metadata,
P0784863316,Visualising Third Culture Kids’ identity through language portraits: the case of Vietnamese sojourner children in Australia,,not_downloaded,no open-access PDF URL in metadata,
PCB20FF9A93,VinaLLaMA: LLaMA-based Vietnamese Foundation Model,https://arxiv.org/pdf/2312.11011v1,not_downloaded,publication metadata does not indicate scoped multilingual/Vietnamese retrieval relevance,
P08B5A1D224,Vietnamese Hate and Offensive Detection using PhoBERT-CNN and Social Media Streaming Data,https://link.springer.com/content/pdf/10.1007/s00521-022-07745-w.pdf,not_downloaded,publication metadata does not indicate scoped multilingual/Vietnamese retrieval relevance,
P7FE5CC278E,"ViGPTQA - State-of-the-Art LLMs for Vietnamese Question Answering: System Overview, Core Models Training, and Evaluations",https://aclanthology.org/2023.emnlp-industry.70.pdf,not_downloaded,publication metadata does not indicate scoped multilingual/Vietnamese retrieval relevance,
P5FDD5E1EB5,ViCLEVR: a visual reasoning dataset and hybrid multimodal fusion model for visual question answering in Vietnamese,,not_downloaded,no open-access PDF URL in metadata,
P02BB2246F5,"OpenViVQA: Task, Dataset, and Multimodal Fusion Models for Visual Question Answering in Vietnamese",https://arxiv.org/pdf/2305.04183,not_downloaded,publication metadata does not indicate scoped multilingual/Vietnamese retrieval relevance,
P7F77A6A6F7,Exploring Hierarchical Multi-Label Text Classification Models using Attention-Based Approaches for Vietnamese language,,not_downloaded,no open-access PDF URL in metadata,
PA7424758F1,Contrastive Hierarchical Discourse Graph for Vietnamese Extractive Multi-Document Summarization,,not_downloaded,no open-access PDF URL in metadata,
P92E977BF2E,Combining Diffusion Model and PhoBERT for Vietnamese Text-to-Image Generation,https://ieeexplore.ieee.org/iel7/10471760/10471767/10471860.pdf,not_downloaded,publication metadata does not indicate scoped multilingual/Vietnamese retrieval relevance,
P979A9CC234,Abusive Span Detection for Vietnamese Narrative Texts,http://arxiv.org/pdf/2312.07831v1,not_downloaded,publication metadata does not indicate scoped multilingual/Vietnamese retrieval relevance,
P6235886588,AGAIN: A Multimodal Human-Centric Event Retrieval System using dual image-to-text representations,,not_downloaded,no open-access PDF URL in metadata,
P7963679835,A method for text-based person search in Vietnamese language based on correlation filtering,https://ieeexplore.ieee.org/iel7/10288584/10288633/10288763.pdf,not_downloaded,publication metadata does not indicate scoped multilingual/Vietnamese retrieval relevance,
P620B7B843A,Vietnamese Sentence Paraphrase Identification Using Sentence-BERT and PhoBERT,,not_downloaded,no open-access PDF URL in metadata,
PD2C6BE1D19,ViT5: Pretrained Text-to-Text Transformer for Vietnamese Language Generation,https://aclanthology.org/2022.naacl-srw.18.pdf,not_downloaded,publication metadata does not indicate scoped multilingual/Vietnamese retrieval relevance,
P88958B68D2,ViMRC VLSP 2021: XLM-R versus PhoBERT on Vietnamese Machine Reading Comprehension,,not_downloaded,no open-access PDF URL in metadata,
P3106CA6AD6,VLSP 2021 - ViMRC Challenge: Vietnamese Machine Reading Comprehension,https://arxiv.org/pdf/2203.11400v3,not_downloaded,publication metadata does not indicate scoped multilingual/Vietnamese retrieval relevance,
P2CD6AE9596,Towards a large-scale person search by vietnamese natural language: dataset and methods,https://link.springer.com/content/pdf/10.1007/s11042-022-12138-1.pdf,not_downloaded,publication metadata does not indicate scoped multilingual/Vietnamese retrieval relevance,
P4ABED5670B,Sentiment Analysis based on word vector representation for short comments in Vietnamese language,,not_downloaded,no open-access PDF URL in metadata,
P2C19E5B011,SMTCE: A Social Media Text Classification Evaluation Benchmark and BERTology Models for Vietnamese,https://arxiv.org/pdf/2209.10482v1,not_downloaded,publication metadata does not indicate scoped multilingual/Vietnamese retrieval relevance,
P1C332ED5E3,Representation of Chinese-Vietnamese Bilingual News Topics Based on Heterogeneous Graph,https://link.springer.com/content/pdf/10.1007/978-981-99-2356-4_19.pdf,not_downloaded,publication metadata does not indicate scoped multilingual/Vietnamese retrieval relevance,
PE0A0838506,Key Information Extraction from Mobile-Captured Vietnamese Receipt Images using Graph Neural Networks Approach,,not_downloaded,no open-access PDF URL in metadata,
PA62ED953A5,Complex Word Identification in Vietnamese: Towards Vietnamese Text Simplification,,not_downloaded,no open-access PDF URL in metadata,
P331D5B5EA3,"‘Nói thì học Mỹ, học rặt Mỹ luôn’: language ideologies in a Vietnamese restaurant in South Texas",,not_downloaded,no open-access PDF URL in metadata,
P7ED0947D29,Vietnamese Sentence Paraphrase Identification using Pre-trained Model and Linguistic Knowledge,https://doi.org/10.14569/ijacsa.2021.0120891,not_downloaded,publication metadata does not indicate scoped multilingual/Vietnamese retrieval relevance,
P3ADDD7ACC4,ViReader: A Wikipedia-based Vietnamese reading comprehension system using transfer learning,,not_downloaded,no open-access PDF URL in metadata,
P13E857D60F,Sentence Extraction-Based Machine Reading Comprehension for Vietnamese,https://arxiv.org/pdf/2105.09043v2,not_downloaded,publication metadata does not indicate scoped multilingual/Vietnamese retrieval relevance,
P59E95628BC,"PhoNLP: A joint multi-task learning model for Vietnamese part-of-speech tagging, named entity recognition and dependency parsing",https://aclanthology.org/2021.naacl-demos.1.pdf,not_downloaded,publication metadata does not indicate scoped multilingual/Vietnamese retrieval relevance,
P247FE663CD,Person search by natural language description in Vietnamese using pre-trained visual-textual attributes alignment model,https://ieeexplore.ieee.org/iel7/9648573/9648578/09648695.pdf,not_downloaded,publication metadata does not indicate scoped multilingual/Vietnamese retrieval relevance,
P7BEEFC8176,Motivation for learning Chinese in a study abroad context: Vietnamese students in Taiwan,,not_downloaded,no open-access PDF URL in metadata,
P791368E5A9,Investigating Monolingual and Multilingual BERTModels for Vietnamese Aspect Category Detection,http://arxiv.org/pdf/2103.09519v1,not_downloaded,publication metadata does not indicate scoped multilingual/Vietnamese retrieval relevance,
P28B9DEC8CE,Improving the Performance of Vietnamese–Korean Neural Machine Translation with Contextual Embedding,https://www.mdpi.com/2076-3417/11/23/11119/pdf?version=1637675644,not_downloaded,publication metadata does not indicate scoped multilingual/Vietnamese retrieval relevance,
PA56DF2FC9A,Enhancing the Legal Awareness of Vietnamese Basic Officers,,not_downloaded,no open-access PDF URL in metadata,
PF0B8212120,English-Vietnamese Cross-Lingual Paraphrase Identification Using MT-DNN,https://www.etasr.com/index.php/ETASR/article/download/4300/2579,not_downloaded,publication metadata does not indicate scoped multilingual/Vietnamese retrieval relevance,
PFB600FCB2F,Content based Lecture Video Retrieval using Textual Queries: to be Smart University,,not_downloaded,no open-access PDF URL in metadata,
P9EB76334E7,Combining PhoBERT and SentiWordNet for Vietnamese Sentiment Analysis,,not_downloaded,no open-access PDF URL in metadata,
PA4F14AC9D5,A Vietnamese Answer Extraction Model Based on PhoBERT,,not_downloaded,no open-access PDF URL in metadata,
P75FCEC0354,Space and time in Vietnamese heritage language maintenance,,not_downloaded,no open-access PDF URL in metadata,
P348230EF3A,PhoBERT: Pre-trained language models for Vietnamese,https://arxiv.org/pdf/2003.00744v3,not_downloaded,publication metadata does not indicate scoped multilingual/Vietnamese retrieval relevance,
PCA14ADCDC5,Exploiting Vietnamese Social Media Characteristics for Textual Emotion Recognition in Vietnamese,https://arxiv.org/pdf/2009.11005v3,not_downloaded,publication metadata does not indicate scoped multilingual/Vietnamese retrieval relevance,
P958598DF62,Chinese-Vietnamese bilingual news event summarization based on distributed graph ranking,https://link.springer.com/content/pdf/10.1007/s11227-019-03006-1.pdf,not_downloaded,publication metadata does not indicate scoped multilingual/Vietnamese retrieval relevance,
PFFBEC544F7,Using Entity Relations for Opinion Mining of Vietnamese Comments,https://arxiv.org/pdf/1905.06647v1,not_downloaded,publication metadata does not indicate scoped multilingual/Vietnamese retrieval relevance,
PBD8270317C,State-of-the-Art Vietnamese Word Segmentation,https://arxiv.org/pdf/1906.07662v1,not_downloaded,publication metadata does not indicate scoped multilingual/Vietnamese retrieval relevance,
P4A26D70D65,Phrase-Based Chinese-Vietnamese Pseudo-Parallel Sentence Pair Generation,https://link.springer.com/content/pdf/10.1007/978-981-15-1721-1_6.pdf,not_downloaded,publication metadata does not indicate scoped multilingual/Vietnamese retrieval relevance,
P33BB1C57FD,On the Vietnamese Name Entity Recognition: A Deep Learning Method Approach,https://arxiv.org/pdf/1912.01109,not_downloaded,publication metadata does not indicate scoped multilingual/Vietnamese retrieval relevance,
PFCD10E13D8,Multi-modal video retrieval using Dilated Pyramidal Residual network,https://doi.org/10.32508/stdjns.v2i5.789,not_downloaded,publication metadata does not indicate scoped multilingual/Vietnamese retrieval relevance,
P24916D534F,French-Vietnamese Translanguaging in the Work of Kim Thúy,,not_downloaded,no open-access PDF URL in metadata,
P1990CDA7BA,Detecting Vietnamese Opinion Spam,https://arxiv.org/pdf/1905.06112v1,not_downloaded,publication metadata does not indicate scoped multilingual/Vietnamese retrieval relevance,
P618E35F881,Deep Learning Approach for Singer Voice Classification of Vietnamese Popular Music,https://arxiv.org/pdf/2102.12111,not_downloaded,publication metadata does not indicate scoped multilingual/Vietnamese retrieval relevance,
P06E6D14787,A Survey on the Multiple Classifier for New Benchmark Dataset of Vietnamese News Classification,https://ieeexplore.ieee.org/iel7/8673317/8687323/08687509.pdf,not_downloaded,publication metadata does not indicate scoped multilingual/Vietnamese retrieval relevance,
PB0423D5582,Vietnamese Open Information Extraction,https://arxiv.org/pdf/1801.07804v1,not_downloaded,publication metadata does not indicate scoped multilingual/Vietnamese retrieval relevance,
P935680E248,"Cultural additivity: behavioural insights from the interaction of Confucianism, Buddhism and Taoism in folktales",https://www.nature.com/articles/s41599-018-0189-2.pdf,not_downloaded,OA location host not in conservative download allowlist,
P4BBF1302BE,The Chinese Vietnamese bilingual news event ranking method based on attribute association graph,https://ieeexplore.ieee.org/iel7/8292144/8300530/08300616.pdf,not_downloaded,publication metadata does not indicate scoped multilingual/Vietnamese retrieval relevance,
P105F3B939F,Vietnamese sentence recognition algorithm in embedded device based on specialized transition network,,not_downloaded,no open-access PDF URL in metadata,
P1DAD2646A0,Learning Vietnamese as a heritage language in Taiwan,,not_downloaded,no open-access PDF URL in metadata,
P25EC1BF7C8,Construction of Vietnamese SentiWordNet by using Vietnamese Dictionary,https://arxiv.org/pdf/1412.8010v1,not_downloaded,publication metadata does not indicate scoped multilingual/Vietnamese retrieval relevance,
P72AEFFC178,Building English-Vietnamese Named Entity Corpus with Aligned Bilingual News Articles,https://aclanthology.org/W14-5512.pdf,not_downloaded,publication metadata does not indicate scoped multilingual/Vietnamese retrieval relevance,
P6E7D8872F7,An approach for automatically structuring Vietnamese legal text,,not_downloaded,no open-access PDF URL in metadata,
PF6168B9D39,Soccer Event Retrieval Based on Speech Content: A Vietnamese Case Study,,not_downloaded,no open-access PDF URL in metadata,
P95B0906F93,Vietnamese pharma companies to publish drug prices,,not_downloaded,no open-access PDF URL in metadata,
P296C00BE37,Changes ahead for Vietnamese drug industry,,not_downloaded,no open-access PDF URL in metadata,
P7CC35B251E,Vietnamese drug prices reined in,,not_downloaded,no open-access PDF URL in metadata,
PAB48016D0A,"Vietnamese export earnings, healthcare expenditure",,not_downloaded,no open-access PDF URL in metadata,
PA914B62FFF,"Syntax/morphology asymmetry in Vietnamese - a consequence of contact by writing between Vietnamese, Chinese and Standard Average European Languages",,not_downloaded,no open-access PDF URL in metadata,
PADA1A3E483,Vietnamese Immigration History,,not_downloaded,no open-access PDF URL in metadata,
P3F9249E2E1,THE MING CODE IN VIETNAMESE LEGAL HISTORY: ITS INFLUENCE ON THE VIETNAMESE CODES AND OTHER LEGAL DOCUMENTS,,not_downloaded,no open-access PDF URL in metadata,
P08C20B0CCD,ViNumFCR: A Novel Vietnamese Benchmark for Numerical Reasoning Fact Checking on Social Media News,,not_downloaded,no open-access PDF URL in metadata,
P067B0DD0DD,The Vietnamese Voice:,,not_downloaded,no open-access PDF URL in metadata,
P847B6B202A,clinical-embedding-fix: Post-hoc corrections for degenerate clinical text embeddings in RAG pipelines,,not_downloaded,no open-access PDF URL in metadata,
PD6C1C5AEEE,"The Application of Deep Learning in Qur’anic Tafsir Retrieval Using SBERT, FAISS and BERT-QA",,not_downloaded,no open-access PDF URL in metadata,
P3A3D3A5CCD,Segmentation and Processing of German Court Decisions from Open Legal Data,https://arxiv.org/pdf/2601.01449v1,not_downloaded,publication metadata does not indicate scoped multilingual/Vietnamese retrieval relevance,
PD25C992538,Rotation Key Scheduling: Temporal Invalidation of Alignment-Based Embedding Inversion in RAG Systems,,not_downloaded,no open-access PDF URL in metadata,
PBE0FEDCF5E,MedRAGChecker: Claim-Level Verification for Biomedical Retrieval-Augmented Generation,https://arxiv.org/pdf/2601.06519,not_downloaded,publication metadata does not indicate scoped multilingual/Vietnamese retrieval relevance,
P0E6545E72D,JMTEB and JMTEB-lite: Japanese Massive Text Embedding Benchmark and Its Lightweight Version,,not_downloaded,no open-access PDF URL in metadata,
PC825763285,Introduction to special issue on the second international conference on the theory of information retrieval,,not_downloaded,no open-access PDF URL in metadata,
PD6F7ACF3FC,Health System Scale Semantic Search Across Unstructured Clinical Notes,https://arxiv.org/pdf/2604.25605v1,not_downloaded,publication metadata does not indicate scoped multilingual/Vietnamese retrieval relevance,
P837E665801,Front Matter,https://aclanthology.org/2026.findings-eacl.0.pdf,not_downloaded,publication metadata does not indicate scoped multilingual/Vietnamese retrieval relevance,
P1D3B7F0401,Findings of the Association for Computational Linguistics: EACL 2026,,not_downloaded,no open-access PDF URL in metadata,
PAEB2193B50,Enhancing Semantic Code Search and Navigation Systems Using Dual Embedding Representations,,not_downloaded,no open-access PDF URL in metadata,
PB335AB2F0D,Embedding Retrofitting: Data Engineering for better RAG,,not_downloaded,no open-access PDF URL in metadata,
P5A79FC9A82,"Driving-RAG: Driving Scenarios Embedding, Search, and RAG Applications",,not_downloaded,no open-access PDF URL in metadata,
P7A7C10A50D,An analysis on document length retrieval trends in language modeling smoothing,,not_downloaded,no open-access PDF URL in metadata,
PF79D4B95F9,Accessibility in information retrieval,,not_downloaded,no open-access PDF URL in metadata,
P4C7C113E30,jina-embeddings-v4: Universal Embeddings for Multimodal Multilingual Retrieval,https://arxiv.org/pdf/2506.18902,not_downloaded,publication metadata does not indicate scoped multilingual/Vietnamese retrieval relevance,
P431805CAC5,What does memory retrieval leave on the table? Modelling the Cost of Semi-Compositionality with MINERVA2 and sBERT,,not_downloaded,no open-access PDF URL in metadata,
P4C2060C4D1,Unfolding the Headline: Iterative Self-Questioning for News Retrieval and Timeline Summarization,https://arxiv.org/pdf/2501.00888,not_downloaded,publication metadata does not indicate scoped multilingual/Vietnamese retrieval relevance,
P8AC54CB477,Towards Reliable Retrieval in RAG Systems for Large Legal Datasets,https://arxiv.org/pdf/2510.06999v1,not_downloaded,publication metadata does not indicate scoped multilingual/Vietnamese retrieval relevance,
PB98B0D2185,Towards Better Instruction Following Retrieval Models,https://arxiv.org/pdf/2505.21439v1,not_downloaded,publication metadata does not indicate scoped multilingual/Vietnamese retrieval relevance,
PA7DDB22438,Towards A Generalist Code Embedding Model Based On Massive Data Synthesis,https://arxiv.org/pdf/2505.12697,not_downloaded,publication metadata does not indicate scoped multilingual/Vietnamese retrieval relevance,
P4AF59738DB,Tabular Embedding Model (TEM): Finetuning Embedding Models For Tabular RAG Applications,,not_downloaded,no open-access PDF URL in metadata,
P61F4BECAA5,TR-MTEB: A Comprehensive Benchmark and Embedding Model Suite for Turkish Sentence Representations,,not_downloaded,no open-access PDF URL in metadata,
P3F0E9EE94E,Semantic search for Japanese sentences based on sentence embedding,,not_downloaded,no open-access PDF URL in metadata,
P32D229224E,Semantic Search for Occupation-Aligned Course Recommendation Using SOTA Embedding Models,,not_downloaded,no open-access PDF URL in metadata,
PE82843CD03,"RAG over Tables: Hierarchical Memory Index, Multi-Stage Retrieval, and Benchmarking",https://arxiv.org/pdf/2504.01346v4,not_downloaded,publication metadata does not indicate scoped multilingual/Vietnamese retrieval relevance,
PDA58913120,PlainQAFact: Retrieval-augmented Factual Consistency Evaluation Metric for Biomedical Plain Language Summarization.,,not_downloaded,no open-access PDF URL in metadata,
P25C5E98B06,PersonaMatrix: A Recipe for Persona-Aware Evaluation of Legal Summarization,https://arxiv.org/pdf/2509.16449v2,not_downloaded,publication metadata does not indicate scoped multilingual/Vietnamese retrieval relevance,
PBBF012FD48,Medical LLMs: Fine-Tuning vs. Retrieval-Augmented Generation,https://www.mdpi.com/2306-5354/12/7/687/pdf?version=1750756009,not_downloaded,publication metadata does not indicate scoped multilingual/Vietnamese retrieval relevance,
PE13417FBBE,MedEIR: A Specialized Medical Embedding Model for Enhanced Information Retrieval,https://arxiv.org/pdf/2505.13482,not_downloaded,publication metadata does not indicate scoped multilingual/Vietnamese retrieval relevance,
PD713CB236F,Maintaining MTEB: Towards Long Term Usability and Reproducibility of Embedding Benchmarks,https://arxiv.org/pdf/2506.21182v1,not_downloaded,publication metadata does not indicate scoped multilingual/Vietnamese retrieval relevance,
P2902D5A042,MIND-SBERT: An Explainable and Trustworthy Article Retrieval and Summarization System,,not_downloaded,no open-access PDF URL in metadata,
PFD3A76DD6D,MAEM: A Multi-Aspect Extraction Model for Enhanced Embedding in RAG,,not_downloaded,no open-access PDF URL in metadata,
P57B371D9D8,M3-RAG: Unified Multimodal and Multilingual Retrieval-Augmented Generation,,not_downloaded,no open-access PDF URL in metadata,
P11E9DB12BD,M-LongDoc: A Benchmark For Multimodal Super-Long Document Understanding And A Retrieval-Aware Tuning Framework,https://aclanthology.org/2025.emnlp-main.469.pdf,not_downloaded,publication metadata does not indicate scoped multilingual/Vietnamese retrieval relevance,
PF8BD9C9F50,Latent Reasoning via Sentence Embedding Prediction,https://arxiv.org/pdf/2505.22202v2,not_downloaded,publication metadata does not indicate scoped multilingual/Vietnamese retrieval relevance,
P32BFB5A4BC,LITERAS: Biomedical literature review and citation retrieval agents,,not_downloaded,no open-access PDF URL in metadata,
PACF8B48F7C,Integration of biomedical concepts for enhanced medical literature retrieval,https://doi.org/10.1007/s41060-025-00724-z,not_downloaded,publication metadata does not indicate scoped multilingual/Vietnamese retrieval relevance,
P3EFF707457,"Infotec+CentroGEO at Touché: MCIP, CLIP and SBERT as Retrieval Score",,not_downloaded,no open-access PDF URL in metadata,
P189050AF55,"In this paper, the authors present a web-based RAG system using documents from NASA, and investigate the effectiveness of the RAG system for both technical and non-techniqual users.",,not_downloaded,no open-access PDF URL in metadata,
PAF2D91113D,GraphSelect: Embedding-Guided Graph Traversal for Scalable Semantic Paper Search,,not_downloaded,no open-access PDF URL in metadata,
PD4ED9567FD,Fusion Strategies for Embedding Models: Enhancing Text Representations Across MTEB Tasks Through Lightweight and Trainable Ensembles,,not_downloaded,no open-access PDF URL in metadata,
P174F4E6095,Formula-Text Cross-Retrieval: A Benchmarking Study of Dense Embedding Methods for Mathematical Information Retrieval,,not_downloaded,no open-access PDF URL in metadata,
P0B974A1A67,FinMTEB: Finance Massive Text Embedding Benchmark,,not_downloaded,no open-access PDF URL in metadata,
PD89071083E,Exploring Reasoning-Infused Text Embedding with Large Language Models for Zero-Shot Dense Retrieval,,not_downloaded,no open-access PDF URL in metadata,
PE6623A5682,Enhancing Retrieval-Augmented Generation with Knowledge Graph-Based Soft-Labeling and Triplet Similarity SBERT,,not_downloaded,no open-access PDF URL in metadata,
P39F7798625,Enhancing Question-Answering in Energy Engineering Via a Domain-Specific Embedding Model in an Open-Source Rag Pipeline: A Case Study on Geothermal Energy,,not_downloaded,no open-access PDF URL in metadata,
PFFE469EB23,Emancipatory Information Retrieval,https://irrj.org/article/download/24531/26530,not_downloaded,publication metadata does not indicate scoped multilingual/Vietnamese retrieval relevance,
P0BCD555FD9,Domain-Specific Fine-Tuning of IndoBERT for Aspect-Based Sentiment Analysis in Indonesian Travel User-Generated Content,https://e-journal.unair.ac.id/JISEBI/article/download/63660/32187,not_downloaded,OA location host not in conservative download allowlist,
PE4A6BA4204,Dewey Long Context Embedding Model: A Technical Report,https://arxiv.org/pdf/2503.20376,not_downloaded,publication metadata does not indicate scoped multilingual/Vietnamese retrieval relevance,
PFA720F03E5,Cross-Language Semantic Search Using OpenAI Embedding,,not_downloaded,no open-access PDF URL in metadata,
P84D0BD530E,Benchmarking Text Embedding Models for Semantic Search in Terrorism Incident Detection,,not_downloaded,no open-access PDF URL in metadata,
P306E12795D,BES4RAG: A Framework for Embedding Model Selection in Retrieval-Augmented Generation,,not_downloaded,no open-access PDF URL in metadata,
P6004DF5A0C,Advancing Semantic Caching for LLMs with Domain-Specific Embeddings and Synthetic Data,https://arxiv.org/pdf/2504.02268v1,not_downloaded,publication metadata does not indicate scoped multilingual/Vietnamese retrieval relevance,
P8D6B47CF9A,A Reasoning-Focused Legal Retrieval Benchmark,https://arxiv.org/pdf/2505.03970v1,not_downloaded,publication metadata does not indicate scoped multilingual/Vietnamese retrieval relevance,
P47FA79F72F,A Hybrid Reranking Pipeline for Negation-Aware Medical Search: BGE Retrieval with Zero-Shot DeBERTa and Few-Shot XGBoost under Minimal Supervision',,not_downloaded,no open-access PDF URL in metadata,
P2F3A78AE20,VISTA: Visualized Text Embedding For Universal Multi-Modal Retrieval,https://arxiv.org/pdf/2406.04292,not_downloaded,publication metadata does not indicate scoped multilingual/Vietnamese retrieval relevance,
PB11CA4D19E,The potential impact of AI innovations on US occupations,https://academic.oup.com/pnasnexus/article-pdf/3/9/pgae320/59275526/pgae320.pdf,not_downloaded,OA location host not in conservative download allowlist,
PC6E12AEAEA,Text Is MASS: Modeling as Stochastic Embedding for Text-Video Retrieval,https://arxiv.org/pdf/2403.17998v1,not_downloaded,publication metadata does not indicate scoped multilingual/Vietnamese retrieval relevance,
P7964D89C3D,T-RAG: Lessons from the LLM Trenches,https://arxiv.org/pdf/2402.07483v2,not_downloaded,publication metadata does not indicate scoped multilingual/Vietnamese retrieval relevance,
P9B4DE03A9A,Sentence Representations via Gaussian Embedding,,not_downloaded,no open-access PDF URL in metadata,
P43C9F6B147,SeRTS: Self-Rewarding Tree Search for Biomedical Retrieval-Augmented Generation,,not_downloaded,no open-access PDF URL in metadata,
P4603CA1EAA,Scalable Dynamic Embedding Size Search for Streaming Recommendation,https://arxiv.org/pdf/2407.15411v4,not_downloaded,publication metadata does not indicate scoped multilingual/Vietnamese retrieval relevance,
PCB6EFA308E,SEER: Self-Aligned Evidence Extraction for Retrieval-Augmented Generation,https://aclanthology.org/2024.emnlp-main.178.pdf,not_downloaded,publication metadata does not indicate scoped multilingual/Vietnamese retrieval relevance,
P445DE10B4F,Recent advances in text embedding: A Comprehensive Review of Top-Performing Methods on the MTEB Benchmark,https://arxiv.org/pdf/2406.01607,not_downloaded,publication metadata does not indicate scoped multilingual/Vietnamese retrieval relevance,
P4CD12A4532,RAG-Star: Enhancing Deliberative Reasoning with Retrieval Augmented Verification and Refinement,https://arxiv.org/pdf/2412.12881v1,not_downloaded,publication metadata does not indicate scoped multilingual/Vietnamese retrieval relevance,
P93220A9289,Overview of TREC 2024 Biomedical Generative Retrieval (BioGen) Track,https://arxiv.org/pdf/2411.18069,not_downloaded,publication metadata does not indicate scoped multilingual/Vietnamese retrieval relevance,
P42053BB415,Neural Information Retrieval,,not_downloaded,no open-access PDF URL in metadata,
P1F90485739,MultiHop-RAG: Benchmarking Retrieval-Augmented Generation for Multi-Hop Queries,https://arxiv.org/pdf/2401.15391v1,not_downloaded,publication metadata does not indicate scoped multilingual/Vietnamese retrieval relevance,
P8E4230D495,Multi-View Visual Semantic Embedding for Cross-Modal Image-Text Retrieval,,not_downloaded,no open-access PDF URL in metadata,
PF323CDCB73,Large Language Model for Vulnerability Detection and Repair: Literature Review and the Road Ahead,,not_downloaded,no open-access PDF URL in metadata,
PB364DCFF3F,Landmark Embedding: A Chunking-Free Embedding Method For Retrieval Augmented Long-Context Large Language Models,,not_downloaded,no open-access PDF URL in metadata,
P1524A538A6,Image–Text Cross-Modal Retrieval with Instance Contrastive Embedding,,not_downloaded,no open-access PDF URL in metadata,
PBD0F79BCB6,Enhancing ColBERT: A Method for Reducing Space Complexity and Accelerating Retrieval Speed,,not_downloaded,no open-access PDF URL in metadata,
P244B322092,Development of a liver disease–specific large language model chat interface using retrieval-augmented generation,https://pmc.ncbi.nlm.nih.gov/articles/PMC11706764/pdf/nihms-2045726.pdf,not_downloaded,publication metadata does not indicate scoped multilingual/Vietnamese retrieval relevance,
PDA7E47E5A2,DESIRE-ME: Domain-Enhanced Supervised Information REtrieval using Mixture-of-Experts,https://arxiv.org/pdf/2403.13468v1,not_downloaded,publication metadata does not indicate scoped multilingual/Vietnamese retrieval relevance,
P2A29A65F76,Beyond Benchmarks: Evaluating Embedding Model Similarity for Retrieval Augmented Generation Systems,https://ceur-ws.org/Vol-3784/short4.pdf,not_downloaded,publication metadata does not indicate scoped multilingual/Vietnamese retrieval relevance,
PDAD7BDB5B0,"A Review on Large Language Models: Architectures, Applications, Taxonomies, Open Issues and Challenges",https://ieeexplore.ieee.org/ielx7/6287639/6514899/10433480.pdf,not_downloaded,OA location host not in conservative download allowlist,
PFFBF626A2A,The effectiveness of Collaborative Online International Learning (COIL) on intercultural competence development in higher education,https://educationaltechnologyjournal.springeropen.com/counter/pdf/10.1186/s41239-022-00373-3,not_downloaded,publication metadata does not indicate scoped multilingual/Vietnamese retrieval relevance,
P1832272578,The Elements of Visual Art Recommendation,https://dl.acm.org/doi/pdf/10.1145/3544548.3581477,not_downloaded,OA location host not in conservative download allowlist,
PD380F5830E,Survey of Explainable AI Techniques in Healthcare,https://www.mdpi.com/1424-8220/23/2/634/pdf?version=1672988781,not_downloaded,publication metadata does not indicate scoped multilingual/Vietnamese retrieval relevance,
PE5731F9B33,RankCSE: Unsupervised Sentence Representations Learning via Learning to Rank,https://aclanthology.org/2023.acl-long.771.pdf,not_downloaded,publication metadata does not indicate scoped multilingual/Vietnamese retrieval relevance,
P23DD4EB0D1,Raising the Bar for Language Equity Health Care Research,https://jamanetwork.com/journals/jamanetworkopen/articlepdf/2807144/ortega_2023_ed_230007_1688156430.32843.pdf,not_downloaded,OA location host not in conservative download allowlist,
PD255B14669,Practical and ethical challenges of large language models in education: A systematic scoping review,https://onlinelibrary.wiley.com/doi/pdfdirect/10.1111/bjet.13370,not_downloaded,OA location host not in conservative download allowlist,
P147BB7FBD8,Plastic pollution and the open burning of plastic wastes,,not_downloaded,no open-access PDF URL in metadata,
PC4888CD133,Personalized Search Via Neural Contextual Semantic Relevance Ranking,https://arxiv.org/pdf/2309.05113v1,not_downloaded,publication metadata does not indicate scoped multilingual/Vietnamese retrieval relevance,
P575B54E9DA,MTEB: Massive Text Embedding Benchmark,https://arxiv.org/pdf/2210.07316v3,not_downloaded,publication metadata does not indicate scoped multilingual/Vietnamese retrieval relevance,
P44D1D4D239,Large Language Models and Knowledge Graphs: Opportunities and Challenges,https://arxiv.org/pdf/2308.06374,not_downloaded,publication metadata does not indicate scoped multilingual/Vietnamese retrieval relevance,
PCB01C7FDE5,Impact of word embedding models on text analytics in deep learning environment: a review,https://link.springer.com/content/pdf/10.1007/s10462-023-10419-1.pdf,not_downloaded,OA location host not in conservative download allowlist,
PA7E038D631,Findings of the Association for Computational Linguistics: EMNLP 2023,,not_downloaded,no open-access PDF URL in metadata,
P1A9F3EB256,Evaluating Conversational Information Retrieval,,not_downloaded,no open-access PDF URL in metadata,
PBA43326D47,Enhancing Pre-Trained Language Models with Sentence Position Embeddings for Rhetorical Roles Recognition in Legal Opinions,https://arxiv.org/pdf/2310.05276v1,not_downloaded,publication metadata does not indicate scoped multilingual/Vietnamese retrieval relevance,
P11AD619B99,End-to-End Transformer-Based Models in Textual-Based NLP,https://www.mdpi.com/2673-2688/4/1/4/pdf?version=1672895769,not_downloaded,publication metadata does not indicate scoped multilingual/Vietnamese retrieval relevance,
P29BB2CFA6E,ELIXIR Projects in the area of biodiversity: Biodiversity Genomics Europe (BGE),,not_downloaded,no open-access PDF URL in metadata,
P0F6FF2182E,EENet: embedding enhancement network for compositional image-text retrieval using generated text,,not_downloaded,no open-access PDF URL in metadata,
PCE11084D92,DeTiME: Diffusion-Enhanced Topic Modeling using Encoder-decoder based LLM,https://aclanthology.org/2023.findings-emnlp.606.pdf,not_downloaded,publication metadata does not indicate scoped multilingual/Vietnamese retrieval relevance,
PAE01FF3B81,Cyberbullying detection for low-resource languages and dialects: Review of the state of the art,https://arxiv.org/pdf/2308.15745,not_downloaded,publication metadata does not indicate scoped multilingual/Vietnamese retrieval relevance,
P3567F6FA91,Continuous Input Embedding Size Search For Recommender Systems,https://arxiv.org/pdf/2304.03501v7,not_downloaded,publication metadata does not indicate scoped multilingual/Vietnamese retrieval relevance,
P184FBDEFBF,Code Llama: Open Foundation Models for Code,https://arxiv.org/pdf/2308.12950,not_downloaded,publication metadata does not indicate scoped multilingual/Vietnamese retrieval relevance,
P98B481E44E,"A Survey of Graph Neural Networks for Recommender Systems: Challenges, Methods, and Directions",https://dl.acm.org/doi/pdf/10.1145/3568022,not_downloaded,OA location host not in conservative download allowlist,
PEAC6BE5293,Towards Proactive Information Retrieval in Noisy Text with Wikipedia Concepts,https://arxiv.org/pdf/2210.09877v1,not_downloaded,publication metadata does not indicate scoped multilingual/Vietnamese retrieval relevance,
PA7717BB291,Pose-Aware Embedding Networks and Multi-Modal Image-Language Retrieval,,not_downloaded,no open-access PDF URL in metadata,
P9244A469C3,Joint Embedding of Semantic and Statistical Features for Effective Code Search,,not_downloaded,no open-access PDF URL in metadata,
P5EB12989E0,EmBoost: Embedding Boosting to Learn Multilevel Abstract Text Representation for Document Retrieval,,not_downloaded,no open-access PDF URL in metadata,
PB38C0F93F6,BLOOM: A 176B-Parameter Open-Access Multilingual Language Model,https://arxiv.org/pdf/2211.05100,not_downloaded,publication metadata does not indicate scoped multilingual/Vietnamese retrieval relevance,
P9D2B557949,Attentive deep neural networks for legal document retrieval,https://arxiv.org/pdf/2212.13899,not_downloaded,publication metadata does not indicate scoped multilingual/Vietnamese retrieval relevance,
PC36E485E06,"A survey on sentiment analysis methods, applications, and challenges",https://link.springer.com/content/pdf/10.1007/s10462-022-10144-1.pdf,not_downloaded,OA location host not in conservative download allowlist,
P179DECAA1B,mT5: A Massively Multilingual Pre-trained Text-to-Text Transformer,https://aclanthology.org/2021.naacl-main.41.pdf,not_downloaded,publication metadata does not indicate scoped multilingual/Vietnamese retrieval relevance,
P39FFF1D521,Specializing Multilingual Language Models: An Empirical Study,https://arxiv.org/pdf/2106.09063v4,not_downloaded,publication metadata does not indicate scoped multilingual/Vietnamese retrieval relevance,
PFB77C71F72,Self-Supervised Hypergraph Convolutional Networks for Session-based Recommendation,https://ojs.aaai.org/index.php/AAAI/article/download/16578/16385,not_downloaded,OA location host not in conservative download allowlist,
PE8942ACE08,STAN: Spatio-Temporal Attention Network for Next Location Recommendation,,not_downloaded,no open-access PDF URL in metadata,
P968DF000DA,Neural ranking models for document retrieval,https://arxiv.org/pdf/2102.11903v2,not_downloaded,publication metadata does not indicate scoped multilingual/Vietnamese retrieval relevance,
PE2F8D5BC0D,Neural Embedding-Based Metrics for Pre-retrieval Query Performance Prediction,,not_downloaded,no open-access PDF URL in metadata,
PD798720D1D,Is the Chen-Sbert Divergence a Metric?,https://arxiv.org/pdf/2101.06103v1,not_downloaded,publication metadata does not indicate scoped multilingual/Vietnamese retrieval relevance,
P075B9D7D69,IITP@COLIEE 2019: Legal Information Retrieval using BM25 and BERT,https://arxiv.org/pdf/2104.08653v4,not_downloaded,publication metadata does not indicate scoped multilingual/Vietnamese retrieval relevance,
PEFD139039F,"GeoWINE: Geolocation based Wiki, Image,News and Event Retrieval",https://arxiv.org/pdf/2104.14994v2,not_downloaded,publication metadata does not indicate scoped multilingual/Vietnamese retrieval relevance,
P506CFA85D0,Embedding Formulae and Text for Improved Math Retrieval,,not_downloaded,no open-access PDF URL in metadata,
P3D896A9255,ConvFiT: Conversational Fine-Tuning of Pretrained Language Models,https://aclanthology.org/2021.emnlp-main.88.pdf,not_downloaded,publication metadata does not indicate scoped multilingual/Vietnamese retrieval relevance,
PE4EF38582C,Cerise: Program Verification on a Capability Machine in the Presence of Untrusted Code,,not_downloaded,no open-access PDF URL in metadata,
P6C5BC795F9,Benchmarking Transformer-based Language Models for Arabic Sentiment and Sarcasm Detection,https://www.aclweb.org/anthology/2021.wanlp-1.3,not_downloaded,OA location host not in conservative download allowlist,
P3A6CCFF418,ARBERT & MARBERT: Deep Bidirectional Transformers for Arabic,https://aclanthology.org/2021.acl-long.551.pdf,not_downloaded,publication metadata does not indicate scoped multilingual/Vietnamese retrieval relevance,
PFE367D37F3,RoBERT – A Romanian BERT Model,https://aclanthology.org/2020.coling-main.581.pdf,not_downloaded,publication metadata does not indicate scoped multilingual/Vietnamese retrieval relevance,
P86767E2D8E,Resources and benchmark corpora for hate speech detection: a systematic review,https://link.springer.com/content/pdf/10.1007/s10579-020-09502-8.pdf,not_downloaded,OA location host not in conservative download allowlist,
P122D788490,Proceedings of the 28th International Conference on Computational Linguistics,https://www.aclweb.org/anthology/2020.coling-main.0.pdf,not_downloaded,OA location host not in conservative download allowlist,
P03962110BB,IndoLEM and IndoBERT: A Benchmark Dataset and Pre-trained Language Model for Indonesian NLP,https://aclanthology.org/2020.coling-main.66.pdf,not_downloaded,publication metadata does not indicate scoped multilingual/Vietnamese retrieval relevance,
P673C0BB8CB,How Does NLP Benefit Legal System: A Summary of Legal Artificial Intelligence,https://www.aclweb.org/anthology/2020.acl-main.466.pdf,not_downloaded,OA location host not in conservative download allowlist,
P1C1DD9F7CD,Spherical Text Embedding,https://arxiv.org/pdf/1911.01196v1,not_downloaded,publication metadata does not indicate scoped multilingual/Vietnamese retrieval relevance,
P22FB5BE7E8,Smart radio environments empowered by reconfigurable AI meta-surfaces: an idea whose time has come,https://jwcn-eurasipjournals.springeropen.com/track/pdf/10.1186/s13638-019-1438-9,not_downloaded,publication metadata does not indicate scoped multilingual/Vietnamese retrieval relevance,
P76754A0630,Neural embedding-based indices for semantic search,,not_downloaded,no open-access PDF URL in metadata,
P61B5D010BC,Machine Learning and Deep Learning frameworks and libraries for large-scale data mining: a survey,https://link.springer.com/content/pdf/10.1007/s10462-018-09679-z.pdf,not_downloaded,OA location host not in conservative download allowlist,
PE2E1CBEC0F,Local Parallel Cross Pattern: A Color Texture Descriptor for Image Retrieval,,not_downloaded,no open-access PDF URL in metadata,
PBA4CC4BCBB,Overcoming low-utility facets for complex answer retrieval,https://arxiv.org/pdf/1811.08772v1,not_downloaded,publication metadata does not indicate scoped multilingual/Vietnamese retrieval relevance,
P6C12BEC4D8,Mixed Embeddedness Revisited: A Conclusion to the Symposium,https://pure.uva.nl/ws/files/31378064/8625_27965_1_PB.pdf,not_downloaded,OA location host not in conservative download allowlist,
PACA9BAEC9C,D. Vn Minorities Literature & Folklore,,not_downloaded,no open-access PDF URL in metadata,
P75886F7723,Clinical Natural Language Processing in languages other than English: opportunities and challenges,https://jbiomedsem.biomedcentral.com/counter/pdf/10.1186/s13326-018-0179-8,not_downloaded,OA location host not in conservative download allowlist,
PEA15F234ED,C. Vn Minorities Languages—Classification,,not_downloaded,no open-access PDF URL in metadata,
PACF35E44FC,A Comprehensive Overview on Stress Neurobiology: Basic Concepts and Clinical Implications,https://www.frontiersin.org/articles/10.3389/fnbeh.2018.00127/pdf,not_downloaded,publication metadata does not indicate scoped multilingual/Vietnamese retrieval relevance,
PE917FC923A,"Tokenizing, POS Tagging, Lemmatizing and Parsing UD 2.0 with UDPipe",https://www.aclweb.org/anthology/K17-3009.pdf,not_downloaded,OA location host not in conservative download allowlist,
P2278ECC8F0,Explicit Semantic Ranking for Academic Search via Knowledge Graph Embedding,,not_downloaded,no open-access PDF URL in metadata,
P6B90531C35,A Network-based End-to-End Trainable Task-oriented Dialogue System,https://www.aclweb.org/anthology/E17-1042.pdf,not_downloaded,OA location host not in conservative download allowlist,
PB625517E0A,LSTM-Based Predictions for Proactive Information Retrieval,https://arxiv.org/pdf/1606.06137v1,not_downloaded,publication metadata does not indicate scoped multilingual/Vietnamese retrieval relevance,
P1A265EF00C,Dynamic Information Retrieval: Theoretical Framework and Application,https://arxiv.org/pdf/1601.04605v1,not_downloaded,publication metadata does not indicate scoped multilingual/Vietnamese retrieval relevance,
PAD45DCCE9E,Deep Learning Relevance: Creating Relevant Information (as Opposed to Retrieving it),https://arxiv.org/pdf/1606.07660v2,not_downloaded,publication metadata does not indicate scoped multilingual/Vietnamese retrieval relevance,
P22AF8DF665,Fine-grained Opinion Mining with Recurrent Neural Networks and Word Embeddings,https://www.aclweb.org/anthology/D15-1168.pdf,not_downloaded,OA location host not in conservative download allowlist,
P90EC13793A,Click-through-based Deep Visual-Semantic Embedding for Image Search,,not_downloaded,no open-access PDF URL in metadata,
P8FFAC970ED,CLPsych 2015 Shared Task: Depression and PTSD on Twitter,https://aclanthology.org/W15-1204.pdf,not_downloaded,publication metadata does not indicate scoped multilingual/Vietnamese retrieval relevance,
P963D9810A5,Bibliometric-enhanced Information Retrieval: 2nd International BIR Workshop,https://arxiv.org/pdf/1501.02646v1,not_downloaded,publication metadata does not indicate scoped multilingual/Vietnamese retrieval relevance,
P69FF1C65DF,Editorial for the Bibliometric-enhanced Information Retrieval Workshop at ECIR 2014,https://arxiv.org/pdf/1404.7099v1,not_downloaded,publication metadata does not indicate scoped multilingual/Vietnamese retrieval relevance,
PD580725606,A Survey of Automated Text Simplification,http://thesai.org/Downloads/SpecialIssueNo9/Paper_9-A_Survey_of_Automated_Text_Simplification.pdf,not_downloaded,OA location host not in conservative download allowlist,
P483E315006,Semantic Jira - Semantic Expert Finder in the Bug Tracking Tool Jira,https://arxiv.org/pdf/1312.5150v1,not_downloaded,publication metadata does not indicate scoped multilingual/Vietnamese retrieval relevance,
P8CDF9F15F9,3D shape retrieval using viewpoint information‐theoretic measures,,not_downloaded,no open-access PDF URL in metadata,
P034DD81DBE,Interactive Query Construction for Keyword Search on the Semantic Web,https://link.springer.com/content/pdf/10.1007/978-3-642-25008-8_5.pdf,not_downloaded,publication metadata does not indicate scoped multilingual/Vietnamese retrieval relevance,
P421D706276,Animal Models of Dengue Virus Infection,https://www.mdpi.com/1999-4915/4/1/62/pdf?version=1431414677,not_downloaded,publication metadata does not indicate scoped multilingual/Vietnamese retrieval relevance,
P94F27D0EDD,On the history of the isomorphism problem of dynamical systems with special regard to von Neumann's contribution,https://arxiv.org/pdf/1110.0625v1,not_downloaded,publication metadata does not indicate scoped multilingual/Vietnamese retrieval relevance,
P6DEEC9049B,Natural Language Processing (almost) from Scratch,https://infoscience.epfl.ch/record/192375/files/Collobert_JMLR_2493--2537.pdf,not_downloaded,OA location host not in conservative download allowlist,
P444AE05262,Mining Parallel Documents across Web Sites,,not_downloaded,no open-access PDF URL in metadata,
P6E3B73D489,09101 Workshop Report - Interactive Information Retrieval,https://drops.dagstuhl.de/storage/16dagstuhl-seminar-proceedings/dsp-vol09101/DagSemProc.09101.2/DagSemProc.09101.2.pdf,not_downloaded,publication metadata does not indicate scoped multilingual/Vietnamese retrieval relevance,
P47BA1513CF,09101 Abstracts Collection - Interactive Information Retrieval,https://drops.dagstuhl.de/storage/16dagstuhl-seminar-proceedings/dsp-vol09101/DagSemProc.09101.1/DagSemProc.09101.1.pdf,not_downloaded,publication metadata does not indicate scoped multilingual/Vietnamese retrieval relevance,
PEE3A445D71,Patient Adherence to Tuberculosis Treatment: A Systematic Review of Qualitative Research,https://journals.plos.org/plosmedicine/article/file?id=10.1371/journal.pmed.0040238&type=printable,not_downloaded,OA location host not in conservative download allowlist,
P3FF3211A01,Hella Nor Cal or Totally So Cal?,https://escholarship.org/uc/item/6492j904,not_downloaded,OA location host not in conservative download allowlist,
P4981F635CC,Cultural competence in mental health care: a review of model evaluations,https://bmchealthservres.biomedcentral.com/counter/pdf/10.1186/1472-6963-7-15,not_downloaded,OA location host not in conservative download allowlist,
P4B7717916A,Combining multimodal preferences for multimedia information retrieval,,not_downloaded,no open-access PDF URL in metadata,
P7CB80952C4,The Development of a Schema for the Annotation of Terms in the Biocaster Disease Detecting/Tracking System.,http://ceur-ws.org/Vol-222/krmed2006-p09.pdf,not_downloaded,OA location host not in conservative download allowlist,
PAEC91874E6,Mechanisms Underlying Coagulation Abnormalities in Ebola Hemorrhagic Fever: Overexpression of Tissue Factor in Primate Monocytes/Macrophages Is a Key Event,https://academic.oup.com/jid/article-pdf/188/11/1618/2563377/188-11-1618.pdf,not_downloaded,OA location host not in conservative download allowlist,
P21303C2193,Adaptive Systems for Multimedia Information Retrieval,https://link.springer.com/content/pdf/10.1007/978-3-540-25981-7_1.pdf,not_downloaded,publication metadata does not indicate scoped multilingual/Vietnamese retrieval relevance,
P3FB2171B2A,Hierarchical Text Categorization Using Neural Networks,,not_downloaded,no open-access PDF URL in metadata,
P300020ECA8,Neural Network Agents for Learning Semantic Text Classification,,not_downloaded,no open-access PDF URL in metadata,
P8D8E0AA4CA,International news,,not_downloaded,no open-access PDF URL in metadata,
P48E763C889,"Towards Effective, Efficient and Explainable Neural Information Retrieval",,not_downloaded,no open-access PDF URL in metadata,
P2CCB5D193F,Supplemental Information 4: MTEB Integration script.,,not_downloaded,no open-access PDF URL in metadata,
P5663E2AEA8,Neural Networks for Content-Based Image Retrieval,,not_downloaded,no open-access PDF URL in metadata,
P940952F4CE,Neural Information Retrieval for AI and Beyond,,not_downloaded,no open-access PDF URL in metadata,
P7E6F8E6706,Kohonen Self-Organizing Map–An Artificial Neural Network,,not_downloaded,no open-access PDF URL in metadata,
P567CF1DDD2,Information Retrieval System Capabilities,,not_downloaded,no open-access PDF URL in metadata,
PC6C9F651DD,Fixation and Embedding,,not_downloaded,no open-access PDF URL in metadata,
PC9D3266F72,Figure 3: Calculating a sentence embedding vector.,,not_downloaded,no open-access PDF URL in metadata,
P57CE51B226,Figure 1: Simplest sentence embedding representation scheme.,,not_downloaded,no open-access PDF URL in metadata,
PADB4374EBA,APPENDIX,,not_downloaded,no open-access PDF URL in metadata,
